name,auc
BLUE,0.4365079365079365
RED,0.2936507936507936
GREEN,0.28968253968253965
