name,auc
BLUE,0.8888888888888888
RED,0.4126984126984127
GREEN,0.9087301587301587
