name,auc
BLUE,0.9801587301587301
RED,0.3412698412698413
GREEN,0.4880952380952381
