name,auc
BLUE,1.0
RED,0.2698412698412698
GREEN,0.6666666666666667
